﻿<?xml version="1.0" encoding="utf-8"?>
<manifest identifier="_6bJqZMsCNV8_course_id" version="1.0" xmlns="http://www.imsproject.org/xsd/imscp_rootv1p1p2" xmlns:adlcp="http://www.adlnet.org/xsd/adlcp_rootv1p2" xmlns:xsi="http://www.w3.org/2001/XMLSchema-instance" xsi:schemaLocation="http://www.imsproject.org/xsd/imscp_rootv1p1p2 imscp_rootv1p1p2.xsd http://www.imsglobal.org/xsd/imsmd_rootv1p2p1 imsmd_rootv1p2p1.xsd http://www.adlnet.org/xsd/adlcp_rootv1p2 adlcp_rootv1p2.xsd">
  <metadata>
    <schema>ADL SCORM</schema>
    <schemaversion>1.2</schemaversion>
    <lom xmlns="http://www.imsglobal.org/xsd/imsmd_rootv1p2p1" xmlns:xsi="http://www.w3.org/2001/XMLSchema-instance" xsi:schemaLocation="http://www.imsglobal.org/xsd/imsmd_rootv1p2p1 imsmd_rootv1p2p1.xsd">
      <general>
        <title>
          <langstring xml:lang="x-none">Slider Step Wise Interaction </langstring>
        </title>
      </general>
      <lifecycle>
        <version>
          <langstring xml:lang="x-none">1</langstring>
        </version>
        <status>
          <source>
            <langstring xml:lang="x-none">LOMv1.0</langstring>
          </source>
          <value>
            <langstring xml:lang="x-none">Final</langstring>
          </value>
        </status>
      </lifecycle>
      <metametadata>
        <metadatascheme>ADL SCORM 1.2</metadatascheme>
      </metametadata>
      <educational>
        <typicallearningtime>
          <datetime>PT0H0M0S</datetime>
        </typicallearningtime>
      </educational>
      <rights>
        <cost>
          <source>
            <langstring xml:lang="x-none">LOMv1.0</langstring>
          </source>
          <value>
            <langstring xml:lang="x-none">yes</langstring>
          </value>
        </cost>
        <copyrightandotherrestrictions>
          <source>
            <langstring xml:lang="x-none">LOMv1.0</langstring>
          </source>
          <value>
            <langstring xml:lang="x-none">yes</langstring>
          </value>
        </copyrightandotherrestrictions>
      </rights>
    </lom>
  </metadata>
  <organizations default="Slider_Step_Wise_Interaction__ORG">
    <organization identifier="Slider_Step_Wise_Interaction__ORG">
      <title>Slider Step Wise Interaction </title>
      <item identifier="Slider_Step_Wise_Interaction__SCO" isvisible="true" identifierref="__6bJqZMsCNV8_course_id_RES">
        <title>Slider Step Wise Interaction </title>
      </item>
    </organization>
  </organizations>
  <resources>
    <resource identifier="__6bJqZMsCNV8_course_id_RES" type="webcontent" href="index_lms.html" adlcp:scormtype="sco">
      <file href="story_content/thumbnail.jpg" />
      <file href="mobile/5aqYb7NY4nr.png" />
      <file href="mobile/6OkX0CJneE2_M_1374_1374.png" />
      <file href="mobile/5xXUACdkxst.png" />
      <file href="mobile/6ETcZRWl4wL.png" />
      <file href="mobile/6IoTmCNNRiC_80.jpg" />
      <file href="mobile/60xKi8sDa6I.png" />
      <file href="mobile/6ZyfoGLCQR7.png" />
      <file href="mobile/5VMFk5eBObL_M_1366_1366.png" />
      <file href="mobile/6Bht8w6o5W8_80.jpg" />
      <file href="mobile/62zDotGdteL_P_52_101_241_174.png" />
      <file href="mobile/5oQgPDQTEtE_80.jpg" />
      <file href="mobile/5qWxlVod2uy_P_24_25_423_247.png" />
      <file href="mobile/6MXAsSTUk8v_80.jpg" />
      <file href="mobile/5jSIkSpvWw8_P_0_246_346_225.png" />
      <file href="mobile/5jSIkSpvWw8_P_0_0_346_243.png" />
      <file href="meta.xml" />
      <file href="story_content/user.js" />
      <file href="html5/data/css/output.min.css" />
      <file href="html5/data/js/5kNzzUv2tLq.js" />
      <file href="html5/data/js/5ksV5bH0IUD.js" />
      <file href="html5/data/js/5qcX450jmxD.js" />
      <file href="html5/data/js/data.js" />
      <file href="html5/data/js/frame.js" />
      <file href="html5/data/js/paths.js" />
      <file href="html5/lib/scripts/bootstrapper.min.js" />
      <file href="html5/lib/scripts/frame.desktop.min.js" />
      <file href="html5/lib/scripts/frame.mobile.min.js" />
      <file href="html5/lib/scripts/slides.min.js" />
      <file href="html5/lib/stylesheets/desktop.min.css" />
      <file href="html5/lib/stylesheets/mobile.min.css" />
      <file href="html5/lib/stylesheets/mobile-fonts/open-sans-bold.woff" />
      <file href="html5/lib/stylesheets/mobile-fonts/open-sans-light.woff" />
      <file href="html5/lib/stylesheets/mobile-fonts/open-sans-regular.woff" />
      <file href="analytics-frame.html" />
      <file href="story.html" />
      <file href="index_lms.html" />
      <file href="lms/AICCComm.html" />
      <file href="lms/blank.html" />
      <file href="lms/browsersniff.js" />
      <file href="lms/goodbye.html" />
      <file href="lms/scormdriver.js" />
    </resource>
  </resources>
</manifest>